[{ "model": "admin.logentry", "pk": 1, "fields": { "action_time": "2024-03-12T23:26:51.938Z", "user": 1, "content_type": 7, "object_id": "1", "object_repr": "animeasy.example.com", "action_flag": 2, "change_message": "[{\"changed\": {\"fields\": [\"Domain name\", \"Display name\"]}}]" } }, { "model": "admin.logentry", "pk": 2, "fields": { "action_time": "2024-03-13T21:09:49.343Z", "user": 1, "content_type": 8, "object_id": "1", "object_repr": "carlalennon@gmail.com", "action_flag": 2, "change_message": "[{\"changed\": {\"fields\": [\"Verified\"]}}]" } }, { "model": "admin.logentry", "pk": 3, "fields": { "action_time": "2024-03-28T22:27:29.082Z", "user": 1, "content_type": 13, "object_id": "1", "object_repr": "after_effects", "action_flag": 1, "change_message": "[{\"added\": {}}]" } }, { "model": "admin.logentry", "pk": 4, "fields": { "action_time": "2024-03-28T22:28:25.475Z", "user": 1, "content_type": 14, "object_id": "1", "object_repr": "Product object (1)", "action_flag": 1, "change_message": "[{\"added\": {}}]" } }, { "model": "admin.logentry", "pk": 5, "fields": { "action_time": "2024-04-08T18:06:20.941Z", "user": 1, "content_type": 13, "object_id": "2", "object_repr": "tv_paint", "action_flag": 1, "change_message": "[{\"added\": {}}]" } }, { "model": "admin.logentry", "pk": 6, "fields": { "action_time": "2024-04-08T18:07:10.436Z", "user": 1, "content_type": 14, "object_id": "2", "object_repr": "Basic Cleanup Panel", "action_flag": 1, "change_message": "[{\"added\": {}}]" } }, { "model": "admin.logentry", "pk": 7, "fields": { "action_time": "2024-04-08T18:08:04.635Z", "user": 1, "content_type": 14, "object_id": "3", "object_repr": "Mr. Purge", "action_flag": 1, "change_message": "[{\"added\": {}}]" } }, { "model": "admin.logentry", "pk": 8, "fields": { "action_time": "2024-04-08T18:08:55.493Z", "user": 1, "content_type": 14, "object_id": "4", "object_repr": "Mr. Export", "action_flag": 1, "change_message": "[{\"added\": {}}]" } }, { "model": "admin.logentry", "pk": 9, "fields": { "action_time": "2024-04-08T18:09:44.185Z", "user": 1, "content_type": 14, "object_id": "5", "object_repr": "Mr. Flip", "action_flag": 1, "change_message": "[{\"added\": {}}]" } }, { "model": "admin.logentry", "pk": 10, "fields": { "action_time": "2024-04-08T18:10:36.990Z", "user": 1, "content_type": 14, "object_id": "6", "object_repr": "Mr. Key", "action_flag": 1, "change_message": "[{\"added\": {}}]" } }, { "model": "admin.logentry", "pk": 11, "fields": { "action_time": "2024-04-08T18:11:08.033Z", "user": 1, "content_type": 14, "object_id": "7", "object_repr": "Keymarker", "action_flag": 1, "change_message": "[{\"added\": {}}]" } }, { "model": "admin.logentry", "pk": 12, "fields": { "action_time": "2024-04-08T18:11:46.229Z", "user": 1, "content_type": 14, "object_id": "8", "object_repr": "Mr. Trad", "action_flag": 1, "change_message": "[{\"added\": {}}]" } }, { "model": "admin.logentry", "pk": 13, "fields": { "action_time": "2024-04-29T21:07:14.593Z", "user": 1, "content_type": 16, "object_id": "3", "object_repr": "B34F8775870448138247C863BD8244AD", "action_flag": 2, "change_message": "[{\"changed\": {\"name\": \"order line item\", \"object\": \"OrderLineItem object (3)\", \"fields\": [\"Quantity\"]}}]" } }, { "model": "admin.logentry", "pk": 14, "fields": { "action_time": "2024-04-29T21:07:56.726Z", "user": 1, "content_type": 16, "object_id": "3", "object_repr": "B34F8775870448138247C863BD8244AD", "action_flag": 2, "change_message": "[{\"changed\": {\"name\": \"order line item\", \"object\": \"OrderLineItem object (3)\", \"fields\": [\"Quantity\"]}}, {\"changed\": {\"name\": \"order line item\", \"object\": \"OrderLineItem object (4)\", \"fields\": [\"Quantity\"]}}, {\"changed\": {\"name\": \"order line item\", \"object\": \"OrderLineItem object (5)\", \"fields\": [\"Quantity\"]}}, {\"changed\": {\"name\": \"order line item\", \"object\": \"OrderLineItem object (6)\", \"fields\": [\"Quantity\"]}}]" } }, { "model": "admin.logentry", "pk": 15, "fields": { "action_time": "2024-05-04T23:33:53.701Z", "user": 3, "content_type": 4, "object_id": "3", "object_repr": "sable", "action_flag": 2, "change_message": "[{\"changed\": {\"fields\": [\"Email address\"]}}]" } }, { "model": "admin.logentry", "pk": 16, "fields": { "action_time": "2024-05-05T21:48:31.473Z", "user": 1, "content_type": 14, "object_id": "9", "object_repr": "Testy Tool", "action_flag": 3, "change_message": "" } }, { "model": "auth.permission", "pk": 1, "fields": { "name": "Can add log entry", "content_type": 1, "codename": "add_logentry" } }, { "model": "auth.permission", "pk": 2, "fields": { "name": "Can change log entry", "content_type": 1, "codename": "change_logentry" } }, { "model": "auth.permission", "pk": 3, "fields": { "name": "Can delete log entry", "content_type": 1, "codename": "delete_logentry" } }, { "model": "auth.permission", "pk": 4, "fields": { "name": "Can view log entry", "content_type": 1, "codename": "view_logentry" } }, { "model": "auth.permission", "pk": 5, "fields": { "name": "Can add permission", "content_type": 2, "codename": "add_permission" } }, { "model": "auth.permission", "pk": 6, "fields": { "name": "Can change permission", "content_type": 2, "codename": "change_permission" } }, { "model": "auth.permission", "pk": 7, "fields": { "name": "Can delete permission", "content_type": 2, "codename": "delete_permission" } }, { "model": "auth.permission", "pk": 8, "fields": { "name": "Can view permission", "content_type": 2, "codename": "view_permission" } }, { "model": "auth.permission", "pk": 9, "fields": { "name": "Can add group", "content_type": 3, "codename": "add_group" } }, { "model": "auth.permission", "pk": 10, "fields": { "name": "Can change group", "content_type": 3, "codename": "change_group" } }, { "model": "auth.permission", "pk": 11, "fields": { "name": "Can delete group", "content_type": 3, "codename": "delete_group" } }, { "model": "auth.permission", "pk": 12, "fields": { "name": "Can view group", "content_type": 3, "codename": "view_group" } }, { "model": "auth.permission", "pk": 13, "fields": { "name": "Can add user", "content_type": 4, "codename": "add_user" } }, { "model": "auth.permission", "pk": 14, "fields": { "name": "Can change user", "content_type": 4, "codename": "change_user" } }, { "model": "auth.permission", "pk": 15, "fields": { "name": "Can delete user", "content_type": 4, "codename": "delete_user" } }, { "model": "auth.permission", "pk": 16, "fields": { "name": "Can view user", "content_type": 4, "codename": "view_user" } }, { "model": "auth.permission", "pk": 17, "fields": { "name": "Can add content type", "content_type": 5, "codename": "add_contenttype" } }, { "model": "auth.permission", "pk": 18, "fields": { "name": "Can change content type", "content_type": 5, "codename": "change_contenttype" } }, { "model": "auth.permission", "pk": 19, "fields": { "name": "Can delete content type", "content_type": 5, "codename": "delete_contenttype" } }, { "model": "auth.permission", "pk": 20, "fields": { "name": "Can view content type", "content_type": 5, "codename": "view_contenttype" } }, { "model": "auth.permission", "pk": 21, "fields": { "name": "Can add session", "content_type": 6, "codename": "add_session" } }, { "model": "auth.permission", "pk": 22, "fields": { "name": "Can change session", "content_type": 6, "codename": "change_session" } }, { "model": "auth.permission", "pk": 23, "fields": { "name": "Can delete session", "content_type": 6, "codename": "delete_session" } }, { "model": "auth.permission", "pk": 24, "fields": { "name": "Can view session", "content_type": 6, "codename": "view_session" } }, { "model": "auth.permission", "pk": 25, "fields": { "name": "Can add site", "content_type": 7, "codename": "add_site" } }, { "model": "auth.permission", "pk": 26, "fields": { "name": "Can change site", "content_type": 7, "codename": "change_site" } }, { "model": "auth.permission", "pk": 27, "fields": { "name": "Can delete site", "content_type": 7, "codename": "delete_site" } }, { "model": "auth.permission", "pk": 28, "fields": { "name": "Can view site", "content_type": 7, "codename": "view_site" } }, { "model": "auth.permission", "pk": 29, "fields": { "name": "Can add email address", "content_type": 8, "codename": "add_emailaddress" } }, { "model": "auth.permission", "pk": 30, "fields": { "name": "Can change email address", "content_type": 8, "codename": "change_emailaddress" } }, { "model": "auth.permission", "pk": 31, "fields": { "name": "Can delete email address", "content_type": 8, "codename": "delete_emailaddress" } }, { "model": "auth.permission", "pk": 32, "fields": { "name": "Can view email address", "content_type": 8, "codename": "view_emailaddress" } }, { "model": "auth.permission", "pk": 33, "fields": { "name": "Can add email confirmation", "content_type": 9, "codename": "add_emailconfirmation" } }, { "model": "auth.permission", "pk": 34, "fields": { "name": "Can change email confirmation", "content_type": 9, "codename": "change_emailconfirmation" } }, { "model": "auth.permission", "pk": 35, "fields": { "name": "Can delete email confirmation", "content_type": 9, "codename": "delete_emailconfirmation" } }, { "model": "auth.permission", "pk": 36, "fields": { "name": "Can view email confirmation", "content_type": 9, "codename": "view_emailconfirmation" } }, { "model": "auth.permission", "pk": 37, "fields": { "name": "Can add social account", "content_type": 10, "codename": "add_socialaccount" } }, { "model": "auth.permission", "pk": 38, "fields": { "name": "Can change social account", "content_type": 10, "codename": "change_socialaccount" } }, { "model": "auth.permission", "pk": 39, "fields": { "name": "Can delete social account", "content_type": 10, "codename": "delete_socialaccount" } }, { "model": "auth.permission", "pk": 40, "fields": { "name": "Can view social account", "content_type": 10, "codename": "view_socialaccount" } }, { "model": "auth.permission", "pk": 41, "fields": { "name": "Can add social application", "content_type": 11, "codename": "add_socialapp" } }, { "model": "auth.permission", "pk": 42, "fields": { "name": "Can change social application", "content_type": 11, "codename": "change_socialapp" } }, { "model": "auth.permission", "pk": 43, "fields": { "name": "Can delete social application", "content_type": 11, "codename": "delete_socialapp" } }, { "model": "auth.permission", "pk": 44, "fields": { "name": "Can view social application", "content_type": 11, "codename": "view_socialapp" } }, { "model": "auth.permission", "pk": 45, "fields": { "name": "Can add social application token", "content_type": 12, "codename": "add_socialtoken" } }, { "model": "auth.permission", "pk": 46, "fields": { "name": "Can change social application token", "content_type": 12, "codename": "change_socialtoken" } }, { "model": "auth.permission", "pk": 47, "fields": { "name": "Can delete social application token", "content_type": 12, "codename": "delete_socialtoken" } }, { "model": "auth.permission", "pk": 48, "fields": { "name": "Can view social application token", "content_type": 12, "codename": "view_socialtoken" } }, { "model": "auth.permission", "pk": 49, "fields": { "name": "Can add category", "content_type": 13, "codename": "add_category" } }, { "model": "auth.permission", "pk": 50, "fields": { "name": "Can change category", "content_type": 13, "codename": "change_category" } }, { "model": "auth.permission", "pk": 51, "fields": { "name": "Can delete category", "content_type": 13, "codename": "delete_category" } }, { "model": "auth.permission", "pk": 52, "fields": { "name": "Can view category", "content_type": 13, "codename": "view_category" } }, { "model": "auth.permission", "pk": 53, "fields": { "name": "Can add product", "content_type": 14, "codename": "add_product" } }, { "model": "auth.permission", "pk": 54, "fields": { "name": "Can change product", "content_type": 14, "codename": "change_product" } }, { "model": "auth.permission", "pk": 55, "fields": { "name": "Can delete product", "content_type": 14, "codename": "delete_product" } }, { "model": "auth.permission", "pk": 56, "fields": { "name": "Can view product", "content_type": 14, "codename": "view_product" } }, { "model": "auth.permission", "pk": 57, "fields": { "name": "Can add profile", "content_type": 15, "codename": "add_profile" } }, { "model": "auth.permission", "pk": 58, "fields": { "name": "Can change profile", "content_type": 15, "codename": "change_profile" } }, { "model": "auth.permission", "pk": 59, "fields": { "name": "Can delete profile", "content_type": 15, "codename": "delete_profile" } }, { "model": "auth.permission", "pk": 60, "fields": { "name": "Can view profile", "content_type": 15, "codename": "view_profile" } }, { "model": "auth.permission", "pk": 61, "fields": { "name": "Can add order", "content_type": 16, "codename": "add_order" } }, { "model": "auth.permission", "pk": 62, "fields": { "name": "Can change order", "content_type": 16, "codename": "change_order" } }, { "model": "auth.permission", "pk": 63, "fields": { "name": "Can delete order", "content_type": 16, "codename": "delete_order" } }, { "model": "auth.permission", "pk": 64, "fields": { "name": "Can view order", "content_type": 16, "codename": "view_order" } }, { "model": "auth.permission", "pk": 65, "fields": { "name": "Can add order line item", "content_type": 17, "codename": "add_orderlineitem" } }, { "model": "auth.permission", "pk": 66, "fields": { "name": "Can change order line item", "content_type": 17, "codename": "change_orderlineitem" } }, { "model": "auth.permission", "pk": 67, "fields": { "name": "Can delete order line item", "content_type": 17, "codename": "delete_orderlineitem" } }, { "model": "auth.permission", "pk": 68, "fields": { "name": "Can view order line item", "content_type": 17, "codename": "view_orderlineitem" } }, { "model": "auth.permission", "pk": 69, "fields": { "name": "Can add user profile", "content_type": 18, "codename": "add_userprofile" } }, { "model": "auth.permission", "pk": 70, "fields": { "name": "Can change user profile", "content_type": 18, "codename": "change_userprofile" } }, { "model": "auth.permission", "pk": 71, "fields": { "name": "Can delete user profile", "content_type": 18, "codename": "delete_userprofile" } }, { "model": "auth.permission", "pk": 72, "fields": { "name": "Can view user profile", "content_type": 18, "codename": "view_userprofile" } }, { "model": "auth.user", "pk": 1, "fields": { "password": "pbkdf2_sha256$720000$r4Dqvu4bnLCA4djeXe7MaM$7QyPdXX3cILHket33kySnSTNGcPvcxZOTN+hck2cwek=", "last_login": "2024-05-05T22:42:45.859Z", "is_superuser": true, "username": "murakami95", "first_name": "", "last_name": "", "email": "carlalennon@gmail.com", "is_staff": true, "is_active": true, "date_joined": "2024-03-12T22:35:11.852Z", "groups": [], "user_permissions": [] } }, { "model": "auth.user", "pk": 2, "fields": { "password": "pbkdf2_sha256$720000$BQ5MSEM3g5wu6qlE2HyHQw$KlJUfHfcnIz8kFpeiegBfvdZA71HxGhCavSOVYjngko=", "last_login": "2024-05-04T23:27:05.909Z", "is_superuser": false, "username": "shopperrrrr", "first_name": "", "last_name": "", "email": "test@test.com", "is_staff": false, "is_active": true, "date_joined": "2024-05-04T23:05:31.177Z", "groups": [], "user_permissions": [] } }, { "model": "auth.user", "pk": 3, "fields": { "password": "pbkdf2_sha256$720000$Yob9FyGvDxh6Aa5H0FUCCA$lvdy42lW9p7aMlO/mp/PpcA5QRay9pNrzvA5R3jFRIQ=", "last_login": "2024-05-04T23:33:25Z", "is_superuser": true, "username": "sable", "first_name": "", "last_name": "", "email": "carlalennon12345432@gmail.com", "is_staff": true, "is_active": true, "date_joined": "2024-05-04T23:29:32Z", "groups": [], "user_permissions": [] } }, { "model": "contenttypes.contenttype", "pk": 1, "fields": { "app_label": "admin", "model": "logentry" } }, { "model": "contenttypes.contenttype", "pk": 2, "fields": { "app_label": "auth", "model": "permission" } }, { "model": "contenttypes.contenttype", "pk": 3, "fields": { "app_label": "auth", "model": "group" } }, { "model": "contenttypes.contenttype", "pk": 4, "fields": { "app_label": "auth", "model": "user" } }, { "model": "contenttypes.contenttype", "pk": 5, "fields": { "app_label": "contenttypes", "model": "contenttype" } }, { "model": "contenttypes.contenttype", "pk": 6, "fields": { "app_label": "sessions", "model": "session" } }, { "model": "contenttypes.contenttype", "pk": 7, "fields": { "app_label": "sites", "model": "site" } }, { "model": "contenttypes.contenttype", "pk": 8, "fields": { "app_label": "account", "model": "emailaddress" } }, { "model": "contenttypes.contenttype", "pk": 9, "fields": { "app_label": "account", "model": "emailconfirmation" } }, { "model": "contenttypes.contenttype", "pk": 10, "fields": { "app_label": "socialaccount", "model": "socialaccount" } }, { "model": "contenttypes.contenttype", "pk": 11, "fields": { "app_label": "socialaccount", "model": "socialapp" } }, { "model": "contenttypes.contenttype", "pk": 12, "fields": { "app_label": "socialaccount", "model": "socialtoken" } }, { "model": "contenttypes.contenttype", "pk": 13, "fields": { "app_label": "products", "model": "category" } }, { "model": "contenttypes.contenttype", "pk": 14, "fields": { "app_label": "products", "model": "product" } }, { "model": "contenttypes.contenttype", "pk": 15, "fields": { "app_label": "profiles", "model": "profile" } }, { "model": "contenttypes.contenttype", "pk": 16, "fields": { "app_label": "checkout", "model": "order" } }, { "model": "contenttypes.contenttype", "pk": 17, "fields": { "app_label": "checkout", "model": "orderlineitem" } }, { "model": "contenttypes.contenttype", "pk": 18, "fields": { "app_label": "profiles", "model": "userprofile" } }, { "model": "sessions.session", "pk": "2th1p137y20yr0s96zr47ctzb4fx6cct", "fields": { "session_data": ".eJxVjMsOwiAQRf9l1oZMKX3g0r3fQBgYLGrAlDbRGP9dmnTT7bnn3C-YwqXEnAy_X3H-wBlPYOy6TGYtPJvo4QwNHBhZ9-C0Df5u0y0Ll9MyRxKbIva1iGv2_Lzs7uFgsmWqtepUK8Mg-1G3nUNPqJuOe-XRomMcSQY5hJ5ajdXhZpSKdA1IV6aChd8f4U4-Ug:1rkVpf:-7rFY9cxTatyg58rw1vdBe78S2ASI8KAgbe-gURB7B4", "expire_date": "2024-03-27T21:08:15.597Z" } }, { "model": "sessions.session", "pk": "3ot2y4ocj6f6x4qe4uip6b3j48vypbo5", "fields": { "session_data": ".eJx1UMtuhDAM_BefESJsSAintr9RVcgkTokKyYqE3Var_fcSyoVDb9Y87Bk_ALUOq089rmkkn5zG5ILvZ0pjMBG69wf8zdDBFWO8h8VAAZigY5JxVV84F2Vz4bWq6wJoRjdtUo3LhBN5H_zLZ8ZKHebNt0ZaPM70r-T5UcAeps_S3uW7DE7YgPqLfCZwmjJcHiXKXXPQsXw9VXo7XKdVI8YxR9EKNZckyEpVybZhRlVDKwzfKraCtU1lmJZorWDCMKl0Y7CmamisGaze80WKMX-Ovq9u-YGuKiDijXrnbYAuLSs9fwFr0HyT:1s3jih:JRmFbs9ju5TBaSTRtewfPgnKrjWc3oMIhwWQFfkVnAg", "expire_date": "2024-05-19T21:48:31.537Z" } }, { "model": "sessions.session", "pk": "5n1m76f4z0m2xqrmsljrjipfky8n4b0r", "fields": { "session_data": ".eJxVjs0OgyAQhN-Fc0MQUVmPvfsMZhcWsW0g8edkfPdi4qG9znzfZA4x4r7FcV95GWcvelGJx29G6N6crsK_ME1Zupy2ZSZ5IfJuVzlkz5_nzf4NRFxjsU1jah063VqoG6c8Kagabo1XqBwrSzroLrRUgyoMV1YbgiIQlMwELKOEk-iPcrCH8_wC09M6yQ:1rxCse:i69tE33yzUn1tTdiE306eBamKYSt4JFAfLT8XtKQVRo", "expire_date": "2024-05-01T21:31:48.305Z" } }, { "model": "sessions.session", "pk": "avku1tic792yiddjo841bbq6f2j721vw", "fields": { "session_data": "eyJiYWciOnsiMyI6Mn19:1s0rT2:kgwrSz_kafCfMsFIfog9cIUce-bdtkzwj-fmk7MuI1w", "expire_date": "2024-05-11T23:28:28.526Z" } }, { "model": "sessions.session", "pk": "ddxiupj58551vrbmzngkomxlv1r844j4", "fields": { "session_data": ".eJx1UMtuhDAM_BefEUq2JAFObX-jqpBxnBIVkhUJaqvV_ns3lAuH3qx52DO-ARLFLeQBtzxxyJ4w-xiGhfMUbYL-7QZ_M_RwxZS-4mqhAszQSyObVitjTC30RT5pUwEv6OeHlHCdceYQYnj-KFhNcXn4tsRrwIX_ldzfK9jDDEU6-HJXwgkbkT45FALnucD1UaLeNQed6pdTpdfDdVo1YZpKFOqQGsOanemEaZW0nRhbbZu9omyVsJIMOqelttJ0pCxeWIzK2dHRni9xSuVz_H316w_04v4LZpZ2eQ:1s3OvR:bwIh34aynnzImbAlRvB9qrubXF7UIEM7F5jW8e1ate8", "expire_date": "2024-05-18T23:36:17.107Z" } }, { "model": "sessions.session", "pk": "f9rs7ng1mmrlkf00a0ywtq50liaalgzw", "fields": { "session_data": ".eJxVjEsOwjAMRO-SNapilC87uEjk2I5aUaUSTVYVd6dFXcBy3sy8TSXsbUx9lVeaWN0UqMsvy0hPqUeB83zgAYmWXtvw3Zz1Otz3JLVNhG1a6uN8_alGXMfdQxSRjBcnxUftgwWOOgfHxoMJDoLVDOSxFAeOwUeyjFfR2RbOhUC9P7xVPLY:1s3kf1:ow35DeyEag71BmM1puxBw8YCJq3OQrjJGPHxQcJrVyE", "expire_date": "2024-05-19T22:48:47.466Z" } }, { "model": "sessions.session", "pk": "fg9s8hbgs285l5jt6atj3wnrufaovbor", "fields": { "session_data": ".eJxVjMsOwiAUBf-FtSG8Cy7d9xvIvTykaiAp7cr479KkC93OmTlv4mHfit97Wv0SyZVwcvllCOGZ6jHEB9R7o6HVbV2QHgo9107nFtPrdrp_BwV6GbXSSoo8CWOd1IFFZI7rZFRkwEJiFkUWUzYoHRtO4lYodCNAN5jKQD5fuHI3FQ:1rpyCb:wRv966hqSsnUKc3AgOuhT45324BafV18mglF20hWTLY", "expire_date": "2024-04-11T22:26:29.281Z" } }, { "model": "sessions.session", "pk": "ko66iu3x3bwwu828efujo9fl78ch2nv3", "fields": { "session_data": ".eJxVjMsOwiAUBf-FtSG8Cy7d9xvIvTykaiAp7cr479KkC93OmTlv4mHfit97Wv0SyZVwcvllCOGZ6jHEB9R7o6HVbV2QHgo9107nFtPrdrp_BwV6GbXSSoo8CWOd1IFFZI7rZFRkwEJiFkUWUzYoHRtO4lYodCNAN5jKQD5fuHI3FQ:1rkBV6:240A_e51v6rxBztbTf8Pcyy-t4OdwdKGJA3T0GYqsOI", "expire_date": "2024-03-26T23:25:40.352Z" } }, { "model": "sessions.session", "pk": "l9m4fgrm5z96tk0vf2uzx10v34np5ifd", "fields": { "session_data": ".eJxVjDsOwyAQBe9CHSGM8QeX6X0GtAtLIIlAAjtNlLsHSy6Sdt68eTMD-xbMXqmY6NjCOnb5ZQj2QekY3B3SLXOb01Yi8kPh51r5mh09r6f7FwhQQ3urQfXST3KcdT9Y4VDobqBROQHCkphRejn5EXstmkPdLBXqdkDdmPLQohVeZGLymS1b2enzBZNkPTk:1s1stS:jvwjynsMf4O4Cv8uhs75aTiRF-hODzCnKolO5_PmK7s", "expire_date": "2024-05-14T19:11:58.196Z" } }, { "model": "sessions.session", "pk": "m4403qgqpfo55qkxtsmi2bw9nm7ai1ka", "fields": { "session_data": "eyJiYWciOnsiOCI6OCwiMiI6N319:1rzmnB:kzClAlg41q9wEJZclUo-HKA5RoT26F2yWHq0cNWv0Yc", "expire_date": "2024-05-09T00:16:49.783Z" } }, { "model": "sessions.session", "pk": "u5yda170avfpfe3go99iqtzmxkp5mgb3", "fields": { "session_data": "eyJiYWciOnsiMSI6MTAyfX0:1rxw1b:wPDgTSLpi7tpBnG9rBXo9FFXpTauuoOjDSRl6XczmwY", "expire_date": "2024-05-03T21:44:03.818Z" } }, { "model": "sessions.session", "pk": "zts75nb7o7khhxchii4w4vy6biuca2de", "fields": { "session_data": "e30:1s0oWt:EytZqdpl8tu12UBjyBjeBt2HkODi2I1lClnTYRVU-k8", "expire_date": "2024-05-11T20:20:15.926Z" } }, { "model": "sites.site", "pk": 1, "fields": { "domain": "animeasy.example.com", "name": "Animeasy" } }, { "model": "account.emailaddress", "pk": 1, "fields": { "user": 1, "email": "carlalennon@gmail.com", "verified": true, "primary": false } }, { "model": "account.emailaddress", "pk": 2, "fields": { "user": 2, "email": "test@test.com", "verified": true, "primary": true } }, { "model": "products.category", "pk": 1, "fields": { "name": "after_effects", "friendly_name": "After Effects" } }, { "model": "products.category", "pk": 2, "fields": { "name": "tv_paint", "friendly_name": "TVPaint" } }, { "model": "products.product", "pk": 1, "fields": { "category": 1, "sku": null, "name": "AE Keymarker", "description": "A key marker to mark start, end, reuse keys in after effects. Markers are coloured according to category", "price": "1.00", "rating": "5.00", "image_url": null, "image": "thumb_keymarker_ae_ncfpT7o.png" } }, { "model": "products.product", "pk": 2, "fields": { "category": 2, "sku": "0002", "name": "Basic Cleanup Panel", "description": "A basic cleanup panel for TV Paint", "price": "3.00", "rating": "5.00", "image_url": null, "image": "thumb_basic_clean_tvp.png" } }, { "model": "products.product", "pk": 3, "fields": { "category": 1, "sku": "0003", "name": "Mr. Purge", "description": "An After Effects plugin to monitor and purge your cache", "price": "2.00", "rating": "4.50", "image_url": null, "image": "thumb_cache_ae.png" } }, { "model": "products.product", "pk": 4, "fields": { "category": 2, "sku": "0004", "name": "Mr. Export", "description": "An export panel to help quickly export animation in a range of formats.", "price": "3.00", "rating": "5.00", "image_url": null, "image": "thumb_export_tvp.png" } }, { "model": "products.product", "pk": 5, "fields": { "category": 2, "sku": "0005", "name": "Mr. Flip", "description": "A panel to mimic the traditional flipping method of hand-drawn animation", "price": "5.00", "rating": "4.00", "image_url": null, "image": "thumb_flipper_tvp_ZAx3Kgb.png" } }, { "model": "products.product", "pk": 6, "fields": { "category": 1, "sku": "0006", "name": "Mr. Key", "description": "A keyframe helper for After Effects", "price": "2.00", "rating": "3.50", "image_url": null, "image": "thumb_keyframe_helper.png" } }, { "model": "products.product", "pk": 7, "fields": { "category": 1, "sku": "0007", "name": "Keymarker", "description": "A keymarker for After Effects", "price": "2.00", "rating": "4.70", "image_url": null, "image": "thumb_keymarker_ae_DbzVU8R.png" } }, { "model": "products.product", "pk": 8, "fields": { "category": 1, "sku": "0008", "name": "Mr. Trad", "description": "A traditional animation toolset for After Effects", "price": "5.50", "rating": "5.00", "image_url": null, "image": "thumb_traditional_ae.png" } }, { "model": "profiles.userprofile", "pk": 1, "fields": { "user": 2, "default_phone_number": null, "default_country": null, "default_postcode": null, "default_town_or_city": null, "default_street_address1": null, "default_street_address2": null, "default_county": null } }, { "model": "profiles.userprofile", "pk": 2, "fields": { "user": 3, "default_phone_number": null, "default_country": null, "default_postcode": null, "default_town_or_city": null, "default_street_address1": null, "default_street_address2": null, "default_county": null } }, { "model": "profiles.userprofile", "pk": 3, "fields": { "user": 1, "default_phone_number": "54321", "default_country": "AQ", "default_postcode": "789789", "default_town_or_city": "new info", "default_street_address1": "new info", "default_street_address2": "new info", "default_county": "new info" } }, { "model": "checkout.order", "pk": 1, "fields": { "order_number": "CF31CF2AF63B423A932F97649C8361A4", "user_profile": null, "full_name": "test", "email": "test@test.com", "phone_number": "4112536524528", "country": "test", "postcode": "12345", "town_or_city": "test", "street_address1": "test", "street_address2": null, "county": null, "date": "2024-04-29T20:59:03.230Z", "order_total": "0.00", "grand_total": "0.00", "original_bag": "", "stripe_pid": "" } }, { "model": "checkout.order", "pk": 2, "fields": { "order_number": "7752C91E909845B9BBE815279BBF09B8", "user_profile": null, "full_name": "test", "email": "test@test.com", "phone_number": "4112536524528", "country": "test", "postcode": "12345", "town_or_city": "test", "street_address1": "test", "street_address2": null, "county": null, "date": "2024-04-29T20:59:20.848Z", "order_total": "0.00", "grand_total": "0.00", "original_bag": "", "stripe_pid": "" } }, { "model": "checkout.order", "pk": 3, "fields": { "order_number": "B34F8775870448138247C863BD8244AD", "user_profile": null, "full_name": "test", "email": "test@test.com", "phone_number": "4112536524528", "country": "test", "postcode": "12345", "town_or_city": "test", "street_address1": "test", "street_address2": null, "county": null, "date": "2024-04-29T21:02:24.598Z", "order_total": "0.00", "grand_total": "0.00", "original_bag": "", "stripe_pid": "" } }, { "model": "checkout.order", "pk": 4, "fields": { "order_number": "1CE0B0F039374DCC8B2A0F362BFB93B0", "user_profile": null, "full_name": "Laura Kelly", "email": "test@test.com", "phone_number": "+447894295184", "country": "US", "postcode": "BT667LZ", "town_or_city": "Craigavon", "street_address1": "34 Monree Road", "street_address2": "Donaghcloney", "county": null, "date": "2024-04-30T18:06:33.075Z", "order_total": "5.00", "grand_total": "5.00", "original_bag": "", "stripe_pid": "" } }, { "model": "checkout.order", "pk": 5, "fields": { "order_number": "7D0EB8B978F1445DA625294ACB953881", "user_profile": null, "full_name": "Laura Kelly", "email": "test@test.com", "phone_number": "+447894295184", "country": "UK", "postcode": "BT667LZ", "town_or_city": "Craigavon", "street_address1": "34 Monree Road", "street_address2": "Donaghcloney", "county": null, "date": "2024-04-30T19:11:58.134Z", "order_total": "8.00", "grand_total": "8.00", "original_bag": "{\"3\": 4}", "stripe_pid": "pi_3PBM4EEtLZegFfEs1DKou7Xz" } }, { "model": "checkout.order", "pk": 6, "fields": { "order_number": "DD55523EBE38483EBDEAE557274EF2EF", "user_profile": null, "full_name": "test", "email": "test@test.com", "phone_number": "123453", "country": "AF", "postcode": "12345", "town_or_city": "test", "street_address1": "test", "street_address2": "test", "county": "test", "date": "2024-05-04T18:05:15.832Z", "order_total": "31.50", "grand_total": "31.50", "original_bag": "{\"3\": 3, \"4\": 3, \"1\": 1, \"2\": 1, \"5\": 1, \"8\": 1, \"7\": 1}", "stripe_pid": "pi_3PCmwkEtLZegFfEs1gtUUxv8" } }, { "model": "checkout.order", "pk": 7, "fields": { "order_number": "46DCBC5DF34D4098A38A41A8DF401D70", "user_profile": null, "full_name": "test", "email": "test@test.com", "phone_number": "12345", "country": "AF", "postcode": "12345", "town_or_city": "test", "street_address1": "test", "street_address2": "test", "county": "test", "date": "2024-05-04T21:45:35.991Z", "order_total": "2.00", "grand_total": "2.00", "original_bag": "{\"3\": 1}", "stripe_pid": "pi_3PCqNnEtLZegFfEs0yuRQAcN" } }, { "model": "checkout.order", "pk": 8, "fields": { "order_number": "C447B01FC9984272976F1BDFF6F4A393", "user_profile": null, "full_name": "tests", "email": "test@test.com", "phone_number": "12345", "country": "AF", "postcode": "12345", "town_or_city": "test", "street_address1": "test", "street_address2": "trst", "county": "trst", "date": "2024-05-05T16:26:32.529Z", "order_total": "3.00", "grand_total": "3.00", "original_bag": "{\"3\": 1, \"1\": 1}", "stripe_pid": "pi_3PD7snEtLZegFfEs0lqwRyJE" } }, { "model": "checkout.order", "pk": 9, "fields": { "order_number": "DA5E70153C6942DAA15E9C1CD663F2DD", "user_profile": 3, "full_name": "new info", "email": "test@test.com", "phone_number": "54321", "country": "AQ", "postcode": "789789", "town_or_city": "new info", "street_address1": "new info", "street_address2": "new info", "county": "new info", "date": "2024-05-05T18:07:42.589Z", "order_total": "2.00", "grand_total": "2.00", "original_bag": "{\"6\": 1}", "stripe_pid": "pi_3PD9STEtLZegFfEs1vdNHKCa" } }, { "model": "checkout.order", "pk": 10, "fields": { "order_number": "E5AD295AC07C411C8E736F8FFEBA0CFB", "user_profile": 3, "full_name": "hahahahaha", "email": "carlalennon@gmail.com", "phone_number": "54321", "country": "AQ", "postcode": "789789", "town_or_city": "new info", "street_address1": "new info", "street_address2": "new info", "county": "new info", "date": "2024-05-05T19:04:03.010Z", "order_total": "2.00", "grand_total": "2.00", "original_bag": "{\"3\": 1}", "stripe_pid": "pi_3PDALTEtLZegFfEs0jnHwITu" } }, { "model": "checkout.order", "pk": 11, "fields": { "order_number": "744618E364DA48C7A2E1177609E8DCE1", "user_profile": 3, "full_name": "carcalemoin", "email": "carlalennon@gmail.com", "phone_number": "54321", "country": "AQ", "postcode": "789789", "town_or_city": "new info", "street_address1": "new info", "street_address2": "new info", "county": "new info", "date": "2024-05-05T19:08:43.861Z", "order_total": "2.00", "grand_total": "2.00", "original_bag": "{\"3\": 1}", "stripe_pid": "pi_3PDAQ6EtLZegFfEs1SNlT1nP" } }, { "model": "checkout.orderlineitem", "pk": 1, "fields": { "order": 1, "product": 3, "quantity": 2, "lineitem_total": "4.00" } }, { "model": "checkout.orderlineitem", "pk": 2, "fields": { "order": 2, "product": 3, "quantity": 2, "lineitem_total": "4.00" } }, { "model": "checkout.orderlineitem", "pk": 3, "fields": { "order": 3, "product": 3, "quantity": 0, "lineitem_total": "0.00" } }, { "model": "checkout.orderlineitem", "pk": 4, "fields": { "order": 3, "product": 8, "quantity": 0, "lineitem_total": "0.00" } }, { "model": "checkout.orderlineitem", "pk": 5, "fields": { "order": 3, "product": 2, "quantity": 0, "lineitem_total": "0.00" } }, { "model": "checkout.orderlineitem", "pk": 6, "fields": { "order": 3, "product": 1, "quantity": 0, "lineitem_total": "0.00" } }, { "model": "checkout.orderlineitem", "pk": 7, "fields": { "order": 4, "product": 1, "quantity": 1, "lineitem_total": "1.00" } }, { "model": "checkout.orderlineitem", "pk": 8, "fields": { "order": 4, "product": 3, "quantity": 1, "lineitem_total": "2.00" } }, { "model": "checkout.orderlineitem", "pk": 9, "fields": { "order": 4, "product": 6, "quantity": 1, "lineitem_total": "2.00" } }, { "model": "checkout.orderlineitem", "pk": 10, "fields": { "order": 5, "product": 3, "quantity": 4, "lineitem_total": "8.00" } }, { "model": "checkout.orderlineitem", "pk": 11, "fields": { "order": 6, "product": 3, "quantity": 3, "lineitem_total": "6.00" } }, { "model": "checkout.orderlineitem", "pk": 12, "fields": { "order": 6, "product": 4, "quantity": 3, "lineitem_total": "9.00" } }, { "model": "checkout.orderlineitem", "pk": 13, "fields": { "order": 6, "product": 1, "quantity": 1, "lineitem_total": "1.00" } }, { "model": "checkout.orderlineitem", "pk": 14, "fields": { "order": 6, "product": 2, "quantity": 1, "lineitem_total": "3.00" } }, { "model": "checkout.orderlineitem", "pk": 15, "fields": { "order": 6, "product": 5, "quantity": 1, "lineitem_total": "5.00" } }, { "model": "checkout.orderlineitem", "pk": 16, "fields": { "order": 6, "product": 8, "quantity": 1, "lineitem_total": "5.50" } }, { "model": "checkout.orderlineitem", "pk": 17, "fields": { "order": 6, "product": 7, "quantity": 1, "lineitem_total": "2.00" } }, { "model": "checkout.orderlineitem", "pk": 18, "fields": { "order": 7, "product": 3, "quantity": 1, "lineitem_total": "2.00" } }, { "model": "checkout.orderlineitem", "pk": 19, "fields": { "order": 8, "product": 3, "quantity": 1, "lineitem_total": "2.00" } }, { "model": "checkout.orderlineitem", "pk": 20, "fields": { "order": 8, "product": 1, "quantity": 1, "lineitem_total": "1.00" } }, { "model": "checkout.orderlineitem", "pk": 21, "fields": { "order": 9, "product": 6, "quantity": 1, "lineitem_total": "2.00" } }, { "model": "checkout.orderlineitem", "pk": 22, "fields": { "order": 10, "product": 3, "quantity": 1, "lineitem_total": "2.00" } }, { "model": "checkout.orderlineitem", "pk": 23, "fields": { "order": 11, "product": 3, "quantity": 1, "lineitem_total": "2.00" } }]